{"is_source_file": true, "format": "md", "description": ".md file: README.md", "external_files": [], "external_methods": [], "published": [], "classes": [], "methods": [], "calls": [], "search-terms": ["README.md", "md"], "state": 2, "filename": "README.md", "format-version": 4, "code-base-name": "https://github.com/kavia-common/tic-tac-toe-classic-7126-7191.git:kavia-main", "knowledge_revision": 3, "git_revision": "c4731ee68c2113d2b221286a207b4ab961680011", "revision_history": [{"3": "c4731ee68c2113d2b221286a207b4ab961680011"}]}